room_id,listing_url,listing_title,license_code,host_id,host_name,host_profile_url,host_rating,host_reviews_count,host_joined_year,host_years_active,host_total_listings_in_dubai
1398595305109872193,https://www.airbnb.com/rooms/1398595305109872193,New! Fairmont Residence | PS5 | PalmJumeirah Beach,PAL-THE-QRMCQ,579547263,Propigo,https://www.airbnb.com/users/show/579547263,4.93,317,2024,1,25
1396365254545055915,https://www.airbnb.com/rooms/1396365254545055915,The Aljada Escape by Blue Cloud,,315139612,Blue Cloud Holidays UAE,https://www.airbnb.com/users/show/315139612,4.79,2339,2019,6,142
696190766937514023,https://www.airbnb.com/rooms/696190766937514023,PREMIUM MARINA APT NEXT TO JUMEIRAH BEACH & TRAM,DUB-WES-ASK7M,132670464,Sebastian,https://www.airbnb.com/users/show/132670464,4.77,3619,2017,8,18
1380456674469376767,https://www.airbnb.com/rooms/1380456674469376767,HAVN - Modern Studio in JVC with Huge Layout,ALB-SHA-MLTKK,554970106,Haven,https://www.airbnb.com/users/show/554970106,4.72,882,2024,1,90
51156943,https://www.airbnb.com/rooms/51156943,Black edition | Water view | Next to Marina Mall||,MAR-SIL-TAUGF,133056916,Dan,https://www.airbnb.com/users/show/133056916,4.85,1818,2017,8,8
1528227562091343007,https://www.airbnb.com/rooms/1528227562091343007,Luxury Studio at 5 Star Hyatt Regency Creek Access,UMH-CRE-SWDXC,658579999,Luxora Elite,https://www.airbnb.com/users/show/658579999,4.56,27,2024,1,11
27575992,https://www.airbnb.com/rooms/27575992,Spacious Unit 5 min away from Dubai Mall,WOR-DUJ-G6Y4X,30450757,Carpe Diem Lifestyle,https://www.airbnb.com/users/show/30450757,4.68,3252,2015,10,70
1515785041425161610,https://www.airbnb.com/rooms/1515785041425161610,Luxury with Magnificent View @ Dubai Creek Harbour,ALK-PAL-FZTRK,195457245,Relaxy Stay,https://www.airbnb.com/users/show/195457245,4.8,120,2018,7,10
1494009819646416360,https://www.airbnb.com/rooms/1494009819646416360,Chic 2 bedroom w Sunset and Palm Jumeirah Views,MAR-GRA-DJEHT,388489360,Suiteable,https://www.airbnb.com/users/show/388489360,4.71,5696,2021,4,269
1409374437414391650,https://www.airbnb.com/rooms/1409374437414391650,1 Bedroom Fully Furnished Room,,46431028,Imran,https://www.airbnb.com/users/show/46431028,4.76,160,2015,10,25
1252339086468205392,https://www.airbnb.com/rooms/1252339086468205392,Luxury 1BR | Gym| Parking | 25 Floor|City View JVC,ALB-BIN-B9INS,653681248,Anthony,https://www.airbnb.com/users/show/653681248,5.0,19,2024,1,1
950455733878198419,https://www.airbnb.com/rooms/950455733878198419,Cozy Studio - Minutes from Dubai Mall!,BUS-ITF-EVXZF,418671655,Frank Porter,https://www.airbnb.com/users/show/418671655,4.32,5360,2021,4,73
1216517620088066619,https://www.airbnb.com/rooms/1216517620088066619,Premium Home w/ Full Sea View,MAD-THE-5SBIT,462195918,OcleyHomes,https://www.airbnb.com/users/show/462195918,4.74,2021,2022,3,115
1485401705525268658,https://www.airbnb.com/rooms/1485401705525268658,Capsule Beds at Sunset Beach (Female Only),UMM-JUM-R6JY0,712828209,Licorne Vacation Homes,https://www.airbnb.com/users/show/712828209,4.86,77,2025,0,15
1402047940379035657,https://www.airbnb.com/rooms/1402047940379035657,The Town Square Suite - Lux 2BR Near Al Qudra Lake,ALY-TOW-OTBFX,575915301,Cat And Abi,https://www.airbnb.com/users/show/575915301,4.96,130,2024,1,6
1318610257390581717,https://www.airbnb.com/rooms/1318610257390581717,Silkhaus Chic Studio | Palm Jumeirah | Palm Views,PAL-PAL-YSGLH,421679849,Paul,https://www.airbnb.com/users/show/421679849,4.72,5807,2021,4,439
1549061740461175917,https://www.airbnb.com/rooms/1549061740461175917,Inviting 1BR w/ Pool Views in Business Bay!,BUS-JON-N9PMU,478528859,Frank,https://www.airbnb.com/users/show/478528859,4.46,1192,2022,3,62
1476796107365255120,https://www.airbnb.com/rooms/1476796107365255120,Luxury palm Jumeirah studio - Private Beach Access,PAL-SAV-GISVF,697837027,Aardian,https://www.airbnb.com/users/show/697837027,5.0,47,2025,0,4
1320854568972340311,https://www.airbnb.com/rooms/1320854568972340311,Cosy 2 Bedroom Villa + Maid’s room at The Springs,ALT-731-7ZLMM,389059172,Allsopp & Allsopp,https://www.airbnb.com/users/show/389059172,4.57,790,2021,4,110
42130852,https://www.airbnb.com/rooms/42130852,"Club Vista Mare, free Riva beach club access",PAL-CLU-HP6EG,17417202,GUESTA Holiday Homes Rental LLC,https://www.airbnb.com/users/show/17417202,4.71,3542,2014,11,121
1553412760871311073,https://www.airbnb.com/rooms/1553412760871311073,Dgg 14,MAR-GRA-ZLG7A,434724785,Zapbed Vacation Homes,https://www.airbnb.com/users/show/434724785,4.63,149,2021,4,43
1549066717395650356,https://www.airbnb.com/rooms/1549066717395650356,Superior King Room Near Al Furjan Metro,RES-1380-FDX,711108394,Muhammad,https://www.airbnb.com/users/show/711108394,4.81,67,2025,0,1476
1504022114712679062,https://www.airbnb.com/rooms/1504022114712679062,"JLT-Marina Metro, Luxury 2BR Smart Home/Cinema/HiFi",ALT-LAK-TJOMG,326179522,Stuart,https://www.airbnb.com/users/show/326179522,4.87,372,2020,5,3
1507183744809187157,https://www.airbnb.com/rooms/1507183744809187157,Stylish Room Near Dubai Internet City Metro,758668,711108394,Muhammad,https://www.airbnb.com/users/show/711108394,4.81,67,2025,0,1476
1401922700807172527,https://www.airbnb.com/rooms/1401922700807172527,Luxurious 1 Bedroom at Palace Residence,ALK-PAL-BDEIH,389059172,Allsopp & Allsopp,https://www.airbnb.com/users/show/389059172,4.57,790,2021,4,110
964845836799775879,https://www.airbnb.com/rooms/964845836799775879,Studio Apartment In Discovery Gardens By E R,607372,529672214,Muhammad,https://www.airbnb.com/users/show/529672214,4.5,686,2023,2,319
1091108562934374261,https://www.airbnb.com/rooms/1091108562934374261,2 BR Wood house by blue cloud holidays,,315139612,Blue Cloud Holidays UAE,https://www.airbnb.com/users/show/315139612,4.79,2339,2019,6,142
1299194367479033919,https://www.airbnb.com/rooms/1299194367479033919,Luxury Views: Full Burj Khalifa & Fountain Show,DOW-GRA-RDY0N,521550090,Frank & Frank Holiday Homes,https://www.airbnb.com/users/show/521550090,4.32,262,2023,2,24
1518536366417268139,https://www.airbnb.com/rooms/1518536366417268139,Bright & Cozy Studio Near Ibn Battuta Mall,1547929,574214941,Rentinex Vacation Homes,https://www.airbnb.com/users/show/574214941,0.0,0,2024,1,2
581075334568449300,https://www.airbnb.com/rooms/581075334568449300,Dubai Marina Jumeirah Park Villa Private Pool!,JUM-JPI-TAICF,5967931,Alessandro Khaleed Londero,https://www.airbnb.com/users/show/5967931,4.83,679,2013,12,24
1545648372450218907,https://www.airbnb.com/rooms/1545648372450218907,29th Floor Studio | Marasi Drive | Brand New Build,BUS-PEN-EC3WP,559732650,StayMada,https://www.airbnb.com/users/show/559732650,4.97,69,2024,1,9
1144618800454422765,https://www.airbnb.com/rooms/1144618800454422765,Ghalia Damac Studio Deluxe Apartment,JUM-GHA-ICSIT,546582282,Hafiz,https://www.airbnb.com/users/show/546582282,4.94,145,2023,2,10
49577714,https://www.airbnb.com/rooms/49577714,Index Tower - Modern 1BR by Radiance,DIF-IND-M4AJR,54166110,Radiance Vacation Stays,https://www.airbnb.com/users/show/54166110,4.69,943,2016,9,10
605408165829187289,https://www.airbnb.com/rooms/605408165829187289,HOMEYVILLAS | Studio with canal view @Business Bay,BUS-MIL-R9ORB,403253579,Homeyvillas,https://www.airbnb.com/users/show/403253579,4.68,470,2021,4,5
25560228,https://www.airbnb.com/rooms/25560228,"City Haven, Luxury Apartment in the Heart of DIFC",DIF-CEN-Y9TLL,51561369,Nasma Luxury Stays,https://www.airbnb.com/users/show/51561369,4.48,1559,2015,10,53
39309747,https://www.airbnb.com/rooms/39309747,Luxury JBR Shams · Marina View · Free 5* Beach Res,MAR-SHA-NP8YQ,255343779,Qstay,https://www.airbnb.com/users/show/255343779,4.77,4668,2019,6,53
1485287533230219236,https://www.airbnb.com/rooms/1485287533230219236,Full Moon Capsule Beds at Sunset Beach (Mixed),UMM-JUM-54RFV,712828209,Licorne Vacation Homes,https://www.airbnb.com/users/show/712828209,4.86,77,2025,0,15
1154044068458770980,https://www.airbnb.com/rooms/1154044068458770980,"Studio with City Views in Bayz Tower, Business Bay",BUS-BAY-E1SXY,17417202,GUESTA Holiday Homes Rental LLC,https://www.airbnb.com/users/show/17417202,4.71,3542,2014,11,121
1212180817651448247,https://www.airbnb.com/rooms/1212180817651448247,Burj View Infinity Pool - Dubai Mall Connection,DOW-BOU-ZNQOI,538536856,Berg Stays,https://www.airbnb.com/users/show/538536856,4.81,1560,2023,2,58
53678862,https://www.airbnb.com/rooms/53678862,City-centric 1BR Near to Metro Station & Landmarks,DIF-SKY-8GTDJ,74933177,Deluxe Holiday Homes,https://www.airbnb.com/users/show/74933177,4.19,9435,2016,9,771
1480206646229132469,https://www.airbnb.com/rooms/1480206646229132469,Livin' Holidays | 1 BR | Miracle garden view,ALB-VIN-WCABR,566539007,Livin' Holidays,https://www.airbnb.com/users/show/566539007,4.82,116,2024,1,21
1364435052863739502,https://www.airbnb.com/rooms/1364435052863739502,Luxury Bilocale with Aquatic View | District One,ALM-MOH-I35VU,680914430,Francesco,https://www.airbnb.com/users/show/680914430,5.0,23,2025,0,3
1462104462503979723,https://www.airbnb.com/rooms/1462104462503979723,FIRST CLASS | 1BR | Living Garden Luxury | Comfort,ALB-LIV-SDCDC,469324326,First Class,https://www.airbnb.com/users/show/469324326,4.87,5568,2022,3,231
1502166073728575454,https://www.airbnb.com/rooms/1502166073728575454,"Chic 2 Bed Villa l Garden, Garage, Free Wi-Fi",ALH-B07-MHXD6,473042959,Vacationer,https://www.airbnb.com/users/show/473042959,4.81,4505,2022,3,334
1541819216666644527,https://www.airbnb.com/rooms/1541819216666644527,Bright & Stylish Studio | Azizi Aura,JAB-AZI-TKQDA,723436403,Nest And Rest Vacation Homes Rental L.L.C,https://www.airbnb.com/users/show/723436403,0.0,0,2025,0,30
1541730881854677805,https://www.airbnb.com/rooms/1541730881854677805,One Bedroom Apartment Near American Hospital Dubai,SBD-7898-BTB,711108394,Muhammad,https://www.airbnb.com/users/show/711108394,4.81,67,2025,0,1476
653282488741103926,https://www.airbnb.com/rooms/653282488741103926,"1 Bdr Marina View in Bay Central, Dubai Marina/JBR",DUB-BAY-YAE7Q,17417202,GUESTA Holiday Homes Rental LLC,https://www.airbnb.com/users/show/17417202,4.71,3542,2014,11,121
1297720726207885760,https://www.airbnb.com/rooms/1297720726207885760,1 BR Apt | al qusais,BUR-FOR-B2XC1,401389458,Abdul,https://www.airbnb.com/users/show/401389458,5.0,18,2021,4,4
50912269,https://www.airbnb.com/rooms/50912269,Homey 3BR Family Friendly in Mirdif,MIR-JAN-ICFMP,427474237,Angiela,https://www.airbnb.com/users/show/427474237,4.8,5,2021,4,3
1230193338335607789,https://www.airbnb.com/rooms/1230193338335607789,Palace Residence | Luxury 1BR Aprt | Amazing View,ALK-PAL-BUYCV,597966969,Nomads Homes,https://www.airbnb.com/users/show/597966969,4.54,24,2024,1,2
879394588254343652,https://www.airbnb.com/rooms/879394588254343652,Spacious & Serene - Studio - JLT,JUM-AL-O9UOH,508465038,Ustay,https://www.airbnb.com/users/show/508465038,4.77,572,2023,2,26
762713712091697648,https://www.airbnb.com/rooms/762713712091697648,Brand new Studio - Azizi Jaddaf,AL -FAR-RA9KK,143893056,Paul Fintan,https://www.airbnb.com/users/show/143893056,4.59,1065,2017,8,81
737121863011361344,https://www.airbnb.com/rooms/737121863011361344,Mesmerizing nicely furnished studio in JVC,ALB-OXF-NWBRK,388489360,Suiteable,https://www.airbnb.com/users/show/388489360,4.71,5696,2021,4,269
1476776708411578448,https://www.airbnb.com/rooms/1476776708411578448,FIRST CLASS | Studio | Minimalist Chic Retreat,ALB-ROK-MIIYZ,469324326,First Class,https://www.airbnb.com/users/show/469324326,4.87,5568,2022,3,231
1409188048915758422,https://www.airbnb.com/rooms/1409188048915758422,"Studio Near Burj Khalifa ,City and Pool Views",BUR-CLA-XHJUZ,74933177,Deluxe Holiday Homes,https://www.airbnb.com/users/show/74933177,4.19,9435,2016,9,771
1193977465469391709,https://www.airbnb.com/rooms/1193977465469391709,Lux studio in Arjan with pool and full amenities,ALB-PRI-MJMQM,547516665,Elysee Vendome,https://www.airbnb.com/users/show/547516665,4.8,769,2023,2,45
1485374062226513571,https://www.airbnb.com/rooms/1485374062226513571,"Serene 1 Bedroom in Oxford Boulevard, JVC",JUM-OXF-ST8V2,389059172,Allsopp & Allsopp,https://www.airbnb.com/users/show/389059172,4.57,790,2021,4,110
1196838888690660396,https://www.airbnb.com/rooms/1196838888690660396,"Studio Apt, Balcony,Canal View near Dubai Mall",BUS-PRI-QWOLO,143893056,Paul Fintan,https://www.airbnb.com/users/show/143893056,4.59,1065,2017,8,81
881876106839083656,https://www.airbnb.com/rooms/881876106839083656,Wonderful 1BR apartment in Sport City,AL-THE-XR7XM,505333423,Alashrafia Saray Vacation Homes,https://www.airbnb.com/users/show/505333423,4.52,724,2023,2,32
1453799000667276672,https://www.airbnb.com/rooms/1453799000667276672,NEW! Huge balcony Burj view|Infinity pool|PS5|4BD,ZAA-DOW-MFCQ5,653605188,Urban Stays,https://www.airbnb.com/users/show/653605188,4.94,204,2024,1,6
1404537540301664913,https://www.airbnb.com/rooms/1404537540301664913,Stunning Skyline View | Private Beach Access,PAL-SEV-59EMF,656249149,Limited Edition Vacation Homes,https://www.airbnb.com/users/show/656249149,4.93,236,2024,1,13
1484780099822080326,https://www.airbnb.com/rooms/1484780099822080326,Beach Lux New 2BD | Marina view | CEG Group,MAR-CON-QMLWA,708488326,CEG Group,https://www.airbnb.com/users/show/708488326,5.0,2,2025,0,6
1155561264282764877,https://www.airbnb.com/rooms/1155561264282764877,Cozy and Peaceful Private Garden 2 BR,ALL-BEL-LMHUJ,37601502,Elias,https://www.airbnb.com/users/show/37601502,4.98,299,2015,10,6
1254266306610597564,https://www.airbnb.com/rooms/1254266306610597564,Contemporary Studio in IMPZ with Lake Views,MEA-LAK-DGEHO,536930953,Frank,https://www.airbnb.com/users/show/536930953,4.44,1393,2023,2,157
1463616273069758596,https://www.airbnb.com/rooms/1463616273069758596,"Luxury Coastal 2BR | La Vie JBR, Beach Access",JDU-2UE-8D7FH,578259028,Stellium,https://www.airbnb.com/users/show/578259028,4.83,909,2024,1,39
1074629500384374715,https://www.airbnb.com/rooms/1074629500384374715,Apartment with coffee machine and Thermomix,JUM-BEL-WMQIS,111153559,Nicole,https://www.airbnb.com/users/show/111153559,4.78,349,2017,8,12
1361664101793916222,https://www.airbnb.com/rooms/1361664101793916222,O Ten - Classy One Bedroom in Al Jaddaf,ALJ-O10-KTALC,502093474,Locations,https://www.airbnb.com/users/show/502093474,4.72,1088,2023,2,86
1465789472727876788,https://www.airbnb.com/rooms/1465789472727876788,GuestReady - Modern Sleek Studio in Azizi Riviera,ALM-AZI-3U2AQ,651261349,Cristiana Raquel,https://www.airbnb.com/users/show/651261349,4.84,19,2024,1,2
713588301889935944,https://www.airbnb.com/rooms/713588301889935944,Boutique Studio in Palm Jumeirah - Stunning View,PAL-PAL-ASITZ,418573792,Andrea,https://www.airbnb.com/users/show/418573792,4.9,297,2021,4,7
1265373997094200806,https://www.airbnb.com/rooms/1265373997094200806,LUXE | 1BR | Heart of DIFC & Trade Centre,DIF-SKY-6PRFU,76104775,LUXE Vacation Homes,https://www.airbnb.com/users/show/76104775,4.77,211,2016,9,11
1457863133339734059,https://www.airbnb.com/rooms/1457863133339734059,"1BR Dubai City Center | Pool, Gym & Skyline View",ZAA-DOW-6ENHB,469324326,First Class,https://www.airbnb.com/users/show/469324326,4.87,5568,2022,3,231
1315089610641060783,https://www.airbnb.com/rooms/1315089610641060783,Widcombe House - Tranquil One Bed in Motor City,MOT-WID-VPLVE,502093474,Locations,https://www.airbnb.com/users/show/502093474,4.72,1088,2023,2,86
1095281837019227202,https://www.airbnb.com/rooms/1095281837019227202,Bright studio in DIFC near the metro station,DIF-PAR-XEPMV,559204391,Khyati,https://www.airbnb.com/users/show/559204391,4.85,53,2024,1,11
1003487570717732079,https://www.airbnb.com/rooms/1003487570717732079,"Amazing Location with Sea View, Pool, Beach, Gym",HO2-500-08874,75245061,Burcu,https://www.airbnb.com/users/show/75245061,4.91,98,2016,9,1
1407148527732625960,https://www.airbnb.com/rooms/1407148527732625960,Stylish 1BR with Spacious Terrace Near Circle Mall,ALB-CON-MCSHS,177585184,Krystof,https://www.airbnb.com/users/show/177585184,4.82,316,2018,7,18
1009759972614890564,https://www.airbnb.com/rooms/1009759972614890564,Blazing 1Br in Downtown Views II,DOW-DOW-XVSVD,487931083,Astatine Holiday Homes,https://www.airbnb.com/users/show/487931083,4.63,534,2022,3,71
1528226196647446246,https://www.airbnb.com/rooms/1528226196647446246,Modern Studio Apartment for Rent in Dubai,MAD-CEL-U8GGL,464673997,Airas,https://www.airbnb.com/users/show/464673997,4.29,75,2022,3,65
1357874743661871037,https://www.airbnb.com/rooms/1357874743661871037,Modern Studio in Al Furjan with pool and gym,ALF-PRI-SSQGO,547516665,Elysee Vendome,https://www.airbnb.com/users/show/547516665,4.8,769,2023,2,45
1413845699007404867,https://www.airbnb.com/rooms/1413845699007404867,Suite in Novotel Hotel Jumeirah Village Triangle,1049039,502852988,We Do Vacation Homes,https://www.airbnb.com/users/show/502852988,4.89,27,2023,2,5
1336137868735868223,https://www.airbnb.com/rooms/1336137868735868223,1BR The Serenity new edition blue cloud holidays,,315139612,Blue Cloud Holidays UAE,https://www.airbnb.com/users/show/315139612,4.79,2339,2019,6,142
1429581427468864091,https://www.airbnb.com/rooms/1429581427468864091,"Chic Studio in Arjan with Gym, Pool, Free parking",ALB-BEV-F3REE,547516665,Elysee Vendome,https://www.airbnb.com/users/show/547516665,4.8,769,2023,2,45
1550576673812799759,https://www.airbnb.com/rooms/1550576673812799759,Double Room Near Dubai Investment Park Station,IPD-8204-DPI,711108394,Muhammad,https://www.airbnb.com/users/show/711108394,4.81,67,2025,0,1476
1357343715559055002,https://www.airbnb.com/rooms/1357343715559055002,Apartment in Shj 1BR with Garden,,193521335,Muhammad Yousaf,https://www.airbnb.com/users/show/193521335,4.84,51,2018,7,11
1312758911972814602,https://www.airbnb.com/rooms/1312758911972814602,"HAVN - 1 Bedroom in Harrington House, JVC",ALB-HAR-VG0J0,554970106,Haven,https://www.airbnb.com/users/show/554970106,4.72,882,2024,1,90
975932932030208141,https://www.airbnb.com/rooms/975932932030208141,Bright 2BR in Dubai South - Near DWC Airport!,DUB-MAJ-Q2WFN,534496380,Frank,https://www.airbnb.com/users/show/534496380,4.09,388,2023,2,15
1140378297884459333,https://www.airbnb.com/rooms/1140378297884459333,Creek Escape - Palace Residences - Creek Harbour,AL-PAL-T4EHF,517827969,Sandra,https://www.airbnb.com/users/show/517827969,4.86,152,2023,2,11
1404288439900853588,https://www.airbnb.com/rooms/1404288439900853588,Impressive 1BR in Dubai South - Sleeps 3!,MAD-THE-I5DXM,536930953,Frank,https://www.airbnb.com/users/show/536930953,4.44,1393,2023,2,157
526587182129258868,https://www.airbnb.com/rooms/526587182129258868,Nice and cozy 1 Bedroom at JVC (Pool View),JUM-PAN-SXX0P,436122999,Medini Homes,https://www.airbnb.com/users/show/436122999,4.71,3991,2021,4,120
1349779977601863297,https://www.airbnb.com/rooms/1349779977601863297,Grand Bleu - Luxurious One Bedroom with Sea View,DUB-GRA-V3U90,502093474,Locations,https://www.airbnb.com/users/show/502093474,4.72,1088,2023,2,86
845705152537261591,https://www.airbnb.com/rooms/845705152537261591,Modern life in Dubai with a beautiful view.,MAR-SHA-YIG9A,503176548,Simbad Holiday Homes,https://www.airbnb.com/users/show/503176548,4.8,140,2023,2,4
1262168400688779796,https://www.airbnb.com/rooms/1262168400688779796,Creek Rise Tower 1 - One Bedroom with Creek View,ALK-CRE-ZOHVE,473042959,Vacationer,https://www.airbnb.com/users/show/473042959,4.81,4505,2022,3,334
1150650437591773461,https://www.airbnb.com/rooms/1150650437591773461,Bespoke 1BR Collective 2.0 Dubai Hills | Pool View,HAD-COL-YT508,527595933,Oraya,https://www.airbnb.com/users/show/527595933,4.88,323,2023,2,40
1154022289087306473,https://www.airbnb.com/rooms/1154022289087306473,Yachting Vibes in Dubai Marina,MAR-STE-DUSSA,436626479,Daniele,https://www.airbnb.com/users/show/436626479,4.81,47,2021,4,5
1388131292361546690,https://www.airbnb.com/rooms/1388131292361546690,Airstay | Modern Studio | Near Al Furjan Metro!,DIS-MOG-DVHJ3,570513554,Airstay Holiday Homes LLC,https://www.airbnb.com/users/show/570513554,4.85,150,2024,1,47
1094057560421278894,https://www.airbnb.com/rooms/1094057560421278894,"NEW! 1BR Oasis with Pool, Skyline View & Gym",AL-ZAZ-LKFUN,417412828,Jessica,https://www.airbnb.com/users/show/417412828,5.0,24,2021,4,1
1071735918093829950,https://www.airbnb.com/rooms/1071735918093829950,Luxe & Stylish Studio | Best View | Hameni Tower,AL-HAM-DVLUN,557259750,Azra,https://www.airbnb.com/users/show/557259750,5.0,20,2024,1,1
1416196085794694537,https://www.airbnb.com/rooms/1416196085794694537,Newly Furnished 3BR in JBR Near Tram and Beach,MAR-CON-3BI7P,598979902,Nayan Bhanushali,https://www.airbnb.com/users/show/598979902,4.86,237,2024,1,19
1161318781198628882,https://www.airbnb.com/rooms/1161318781198628882,Lux Studio Linked to Marina Mall - Emaar Residence,DUB-DUB-XH0BE,428621339,Rami,https://www.airbnb.com/users/show/428621339,4.97,2534,2021,4,75
1510886289938112290,https://www.airbnb.com/rooms/1510886289938112290,Modern 2BR in Northside | Skyline & Pool Access,AJJ-SUI-8SUW6,578259028,Stellium,https://www.airbnb.com/users/show/578259028,4.83,909,2024,1,39
1486665194827771097,https://www.airbnb.com/rooms/1486665194827771097,Modern 1-Bedroom Apartment in Lotus at Creek Beach,ALK-LOT-Q458W,48547686,Anna Apricus Holiday Homes,https://www.airbnb.com/users/show/48547686,4.79,7947,2015,10,143
1548574954017044280,https://www.airbnb.com/rooms/1548574954017044280,Elegant 1 bedroom | near Burj Khalifa | Dubai Mall,BUS-ZAD-3MRU2,670429724,Monopoly Living,https://www.airbnb.com/users/show/670429724,4.7,23,2025,0,3
1550559559074061907,https://www.airbnb.com/rooms/1550559559074061907,Standard Room Near Ibn Battuta Metro Station,BAT-1764-BDXB,711108394,Muhammad,https://www.airbnb.com/users/show/711108394,4.81,67,2025,0,1476
1482005386468715143,https://www.airbnb.com/rooms/1482005386468715143,Sea-View Modern Flat•Balcony•JBR Beach Walk,HO250-001-84222,548181618,Eugenio,https://www.airbnb.com/users/show/548181618,5.0,5,2023,2,1
1251871145081755462,https://www.airbnb.com/rooms/1251871145081755462,Burj Khalifa & Sea Views | Perfect Location,BUS-PAR-AEC3S,533218821,Paradise Stays,https://www.airbnb.com/users/show/533218821,4.68,440,2023,2,9
54026671,https://www.airbnb.com/rooms/54026671,Silkhaus Modern Studio | Balcony | Burj Daman,DIF-BUR-OUFVM,421679849,Paul,https://www.airbnb.com/users/show/421679849,4.72,5807,2021,4,439
755463298005866200,https://www.airbnb.com/rooms/755463298005866200,"Full sea view 2 bedroom appt in JBR, walk to beach",MAR-RIM-MFAMS,152711982,Rachid,https://www.airbnb.com/users/show/152711982,4.87,1240,2017,8,78
1443239071836273121,https://www.airbnb.com/rooms/1443239071836273121,Creek waters and park view,1376931,571237873,Zain,https://www.airbnb.com/users/show/571237873,4.38,34,2024,1,3
1177903673924760017,https://www.airbnb.com/rooms/1177903673924760017,"Spacious Studio in LIV Residence, Dubai Marina/JBR",DUB-LIV-TFVFJ,17417202,GUESTA Holiday Homes Rental LLC,https://www.airbnb.com/users/show/17417202,4.71,3542,2014,11,121
1202773445420672663,https://www.airbnb.com/rooms/1202773445420672663,"Modern 1BR | Balcony, Pool & Gym | Dubai Marina",MAR-SKY-SZQ3N,561798272,Patrick,https://www.airbnb.com/users/show/561798272,4.89,46,2024,1,2
1543276103541427223,https://www.airbnb.com/rooms/1543276103541427223,Spacious Modern 1 Bed l Lake View l Near Airport,AL-D1-0JHGD,473042959,Vacationer,https://www.airbnb.com/users/show/473042959,4.81,4505,2022,3,334
1188917855533242002,https://www.airbnb.com/rooms/1188917855533242002,1BR Skyview Penthouse by Blue Cloud Holidays,,315139612,Blue Cloud Holidays UAE,https://www.airbnb.com/users/show/315139612,4.79,2339,2019,6,142
1525633341575513936,https://www.airbnb.com/rooms/1525633341575513936,Jumeirah 1 Dubai Mixed Shared Room,54800,353249378,⁨Hls 81⁩,https://www.airbnb.com/users/show/353249378,5.0,2,2020,5,2
1366615140409861704,https://www.airbnb.com/rooms/1366615140409861704,Emirati Haven by Blue Cloud Holidays,,315139612,Blue Cloud Holidays UAE,https://www.airbnb.com/users/show/315139612,4.79,2339,2019,6,142
1444089059055030503,https://www.airbnb.com/rooms/1444089059055030503,Beach Please,MAR-LAV-PWWKL,569037241,Natalia,https://www.airbnb.com/users/show/569037241,5.0,19,2024,1,1
1418523797201948671,https://www.airbnb.com/rooms/1418523797201948671,Refurb'd Studio / Circle Mall,ALB-CRY-8XYJA,656871331,Holly,https://www.airbnb.com/users/show/656871331,4.69,52,2024,1,10
1419514596549730493,https://www.airbnb.com/rooms/1419514596549730493,American Style Studio at Al Mamsha,,315139612,Blue Cloud Holidays UAE,https://www.airbnb.com/users/show/315139612,4.79,2339,2019,6,142
1265377522243217942,https://www.airbnb.com/rooms/1265377522243217942,LUXE | 1BR | Heart of DIFC & Trade Centre,DIF-SKY-BDTIM,76104775,LUXE Vacation Homes,https://www.airbnb.com/users/show/76104775,4.77,211,2016,9,11
948302987744171730,https://www.airbnb.com/rooms/948302987744171730,FIRST CLASS | 2BD | Burj Khalifa & Downtown view,DOW-BUR-IJQ2X,428621339,Rami,https://www.airbnb.com/users/show/428621339,4.97,2534,2021,4,75
1321572812724275540,https://www.airbnb.com/rooms/1321572812724275540,Octopus - Iconic Palm Studio With Views,PAL-PAL-ZDB1A,558737722,Ryan,https://www.airbnb.com/users/show/558737722,4.81,562,2024,1,32
1546253497788973332,https://www.airbnb.com/rooms/1546253497788973332,Stylish 1BR with Breathtaking Sea Views,MAD-THE-KMWIJ,537700613,Ice,https://www.airbnb.com/users/show/537700613,4.73,73,2023,2,10
1535708041881419588,https://www.airbnb.com/rooms/1535708041881419588,Bright 1BR | Unit 1806 | City Views & Fast Wi-Fi,1521135,715151590,SamHolidays,https://www.airbnb.com/users/show/715151590,4.95,22,2025,0,7
1478324852643701864,https://www.airbnb.com/rooms/1478324852643701864,Sky Gardens - High Rise Studio with Cityscape View,DIF-SKY-SJOQH,473042959,Vacationer,https://www.airbnb.com/users/show/473042959,4.81,4505,2022,3,334
1361621235606145808,https://www.airbnb.com/rooms/1361621235606145808,Stylish Studio Retreat | Modern Stay in JVC,ALB-OXF-UQAAM,484863924,Aircay Holiday Homes Llc,https://www.airbnb.com/users/show/484863924,4.66,2057,2022,3,90
1170740640821645763,https://www.airbnb.com/rooms/1170740640821645763,La Casa De Sur La Mer,JUM-TH1-HLBXY,245731996,Angela,https://www.airbnb.com/users/show/245731996,4.57,95,2019,6,69
1506564956212237624,https://www.airbnb.com/rooms/1506564956212237624,"Premium Corner 3BR | 270° Sea Views |85""TV| Sunset",MAR-524-IHQ4A,598114586,Permanent Tourist,https://www.airbnb.com/users/show/598114586,4.97,110,2024,1,5
1380358132174929473,https://www.airbnb.com/rooms/1380358132174929473,"Luxe Studio, Close by Burj Khalifa & Dubai Mall.",BUS-THE-ZK3PO,517081432,Zenos Vacation Homes Rental,https://www.airbnb.com/users/show/517081432,4.7,84,2023,2,20
1475246326103855699,https://www.airbnb.com/rooms/1475246326103855699,Luxury Living in a Cozy 1BR Steps from Circle Mall,ALB-BIN-DYMLL,177585184,Krystof,https://www.airbnb.com/users/show/177585184,4.82,316,2018,7,18
1238426160366666581,https://www.airbnb.com/rooms/1238426160366666581,Garden Suite by blue cloud holidays,,315139612,Blue Cloud Holidays UAE,https://www.airbnb.com/users/show/315139612,4.79,2339,2019,6,142
1537546539995283761,https://www.airbnb.com/rooms/1537546539995283761,FIRST CLASS |1BR| Cozy Getaway | JBR Beach Access,MAR-BAH-GWXXW,469324326,First Class,https://www.airbnb.com/users/show/469324326,4.87,5568,2022,3,231
1115973552513349921,https://www.airbnb.com/rooms/1115973552513349921,Livin' Holidays | 1 BR | Luxury condo Dubai Marina,MAR-JUM-WKSJJ,566539007,Livin' Holidays,https://www.airbnb.com/users/show/566539007,4.82,116,2024,1,21
1463002508126961682,https://www.airbnb.com/rooms/1463002508126961682,Chic 4br Pool Villa nearby Beach,1043669,435856457,Hanna,https://www.airbnb.com/users/show/435856457,0.0,0,2021,4,13
1461325079562215400,https://www.airbnb.com/rooms/1461325079562215400,Rustic Minimalist Home with Breathtaking Sea Views,MAD-THE-TCF2M,462195918,OcleyHomes,https://www.airbnb.com/users/show/462195918,4.74,2021,2022,3,115
912165033632813332,https://www.airbnb.com/rooms/912165033632813332,Stunning studio apartment,MAD-MAG-YFHZ9 The space Experience the epitome of contemporary living at MAG 5 Boulevard in Dubai. Nestled within this vibrant community,519569226,Asel,https://www.airbnb.com/users/show/519569226,4.84,32,2023,2,2
1200396679297164008,https://www.airbnb.com/rooms/1200396679297164008,1BR Poolside paradise by blue cloud Holidays,,315139612,Blue Cloud Holidays UAE,https://www.airbnb.com/users/show/315139612,4.79,2339,2019,6,142
1439735672471025800,https://www.airbnb.com/rooms/1439735672471025800,"HAVN - 1Bed in Jebel Ali, infront of Metro Station",JEB-ALE-AFOJ7,554970106,Haven,https://www.airbnb.com/users/show/554970106,4.72,882,2024,1,90
1545098790148039209,https://www.airbnb.com/rooms/1545098790148039209,Magical Apt with Rooftop Pool & Burj Khalifa View!,BUS-PAR-1OSBU,726930888,Yasar,https://www.airbnb.com/users/show/726930888,0.0,0,2025,0,1
1335502777027082035,https://www.airbnb.com/rooms/1335502777027082035,1BR Cityscape by Blue Cloud Holidays,,315139612,Blue Cloud Holidays UAE,https://www.airbnb.com/users/show/315139612,4.79,2339,2019,6,142
1455083983341768107,https://www.airbnb.com/rooms/1455083983341768107,Tranquil 1Bedroom in Binghatti Gardenia,ALB-BIN-EGMBL,388489360,Suiteable,https://www.airbnb.com/users/show/388489360,4.71,5696,2021,4,269
1460096652703875489,https://www.airbnb.com/rooms/1460096652703875489,2 Bedroom with Private swimming pool.,ALB-BIN-1RFM9,502594031,Simon,https://www.airbnb.com/users/show/502594031,4.38,1541,2023,2,40
1339107964617293185,https://www.airbnb.com/rooms/1339107964617293185,Modern 1BR apartment Artesia DAMAC Hills,ALH-DAM-HVCOC,130545599,CozyStay,https://www.airbnb.com/users/show/130545599,4.42,164,2017,8,15
1460016061407938732,https://www.airbnb.com/rooms/1460016061407938732,Infinity Pool | Private Beach | Stunning Views,PAL-SEV-B5DWO,656249149,Limited Edition Vacation Homes,https://www.airbnb.com/users/show/656249149,4.93,236,2024,1,13
1527307073517347745,https://www.airbnb.com/rooms/1527307073517347745,Skyline Luxe | 6 Pax | World Trade Center,ALK-1RE-RCLQ7,587525923,Skyline Serenity,https://www.airbnb.com/users/show/587525923,4.91,642,2024,1,46
1384186885867641730,https://www.airbnb.com/rooms/1384186885867641730,Canal View Studio / Jacuzzi,BUS-TRI-M17L5,589594888,New Homer Holiday Homes,https://www.airbnb.com/users/show/589594888,4.9,39,2024,1,7
1516458440100856021,https://www.airbnb.com/rooms/1516458440100856021,Upgraded 1 Bedroom l Sea Views & Beach Access,JUM-LEP-8OTMW,502093474,Locations,https://www.airbnb.com/users/show/502093474,4.72,1088,2023,2,86
1362032228749373204,https://www.airbnb.com/rooms/1362032228749373204,Luxe Interior Studio in Pantheon Elysee 3 in JVC,ALH-ELY-I91MR,388489360,Suiteable,https://www.airbnb.com/users/show/388489360,4.71,5696,2021,4,269
1381287038919140733,https://www.airbnb.com/rooms/1381287038919140733,Elegant Luxury Studio | 12th Floor |Sky high View,ALB-WES-DDW9U,484863924,Aircay Holiday Homes Llc,https://www.airbnb.com/users/show/484863924,4.66,2057,2022,3,90
1483626453297283339,https://www.airbnb.com/rooms/1483626453297283339,Cozy old Vibe | Central loc | Near metro,ALJ-SNE-XVK0,711991932,Ikigai Stays,https://www.airbnb.com/users/show/711991932,4.92,97,2025,0,28
1049214993865059738,https://www.airbnb.com/rooms/1049214993865059738,LUX | The EMAAR Fashion Avenue Studio,DOW-THE-Y8SS6,176328847,LUX Holiday Home,https://www.airbnb.com/users/show/176328847,4.68,7186,2018,7,158
1044121451556070960,https://www.airbnb.com/rooms/1044121451556070960,Bright Studio in Dubai Sports City!,ALB-ELI-TWMMQ,536930953,Frank,https://www.airbnb.com/users/show/536930953,4.44,1393,2023,2,157
1533245546416870304,https://www.airbnb.com/rooms/1533245546416870304,Downtown Paradise,1100042,554198610,Oluwaseun,https://www.airbnb.com/users/show/554198610,4.68,96,2024,1,11
1433343002618560181,https://www.airbnb.com/rooms/1433343002618560181,Near to Metro and Trade Center| Dubai Frame View,1507383,492470703,Erfan,https://www.airbnb.com/users/show/492470703,5.0,10,2022,3,3
1294754717783243731,https://www.airbnb.com/rooms/1294754717783243731,Boho forest at Mamsha by Blue Cloud Holidays,,315139612,Blue Cloud Holidays UAE,https://www.airbnb.com/users/show/315139612,4.79,2339,2019,6,142
1146804963754786528,https://www.airbnb.com/rooms/1146804963754786528,HC - New Studio Near Metro,AL -151-MGL9D,497531558,CollectionA,https://www.airbnb.com/users/show/497531558,4.75,1720,2023,2,63
1071746347506973600,https://www.airbnb.com/rooms/1071746347506973600,Lux 1 BD | 2 Min to Dubai Mall & Burj Khalifa,DOW-ACT-1KVGT,428621339,Rami,https://www.airbnb.com/users/show/428621339,4.97,2534,2021,4,75
1159258011134315884,https://www.airbnb.com/rooms/1159258011134315884,Mag 510 2-Bedroom Elegance,MAD-MAG-GHBUH,507154464,Gulf Guest,https://www.airbnb.com/users/show/507154464,4.26,50,2023,2,3
1520914937603308885,https://www.airbnb.com/rooms/1520914937603308885,Urban Oasis Stylish Apartment in JVC | High floor,ALB-REG-50T2M Guest access Self check-in via lock box with key. We will share with you the code 24h prior to your booking. Please leave the key back in the locked box upon check-out to avoid penalty of AED 250 for loss of key. Registration Details ALB-REG-50T2M,465708818,Leila,https://www.airbnb.com/users/show/465708818,5.0,6,2022,3,1
1100675728485349161,https://www.airbnb.com/rooms/1100675728485349161,Creek Harbour Gem -Stylish 2br with Stunning Views,ALK-CRE-VL2QJ,396591788,The Prive,https://www.airbnb.com/users/show/396591788,4.05,1212,2021,4,95
1283052652681780197,https://www.airbnb.com/rooms/1283052652681780197,Sahab - courtyard view 1BR,UP-24-0042 The space This apartment is equipped with : • 1 large bedroom with king sized bed • A fully equipped kitchen with gas stove/oven,409130144,Sahab Vacation Homes,https://www.airbnb.com/users/show/409130144,4.76,165,2021,4,16
1309217129040465181,https://www.airbnb.com/rooms/1309217129040465181,Stylish 1-Bedroom Retreat in Prime Gardens | Arjan,ALB-PRI-4MY0K,111153559,Nicole,https://www.airbnb.com/users/show/111153559,4.78,349,2017,8,12
1549122420292556053,https://www.airbnb.com/rooms/1549122420292556053,1BR Marbella Apartment W/ Living at Al Mamsha,,315139612,Blue Cloud Holidays UAE,https://www.airbnb.com/users/show/315139612,4.79,2339,2019,6,142
1183810711786432023,https://www.airbnb.com/rooms/1183810711786432023,Heart of DIFC: 1 BR LUX - Exceptional View,DIF-SKY-S0G2O,569069430,Utopia,https://www.airbnb.com/users/show/569069430,4.38,504,2024,1,30
1312138284015425591,https://www.airbnb.com/rooms/1312138284015425591,Luxurious home with jacuzzi - Els Golf Club,DUB-64Y-J7NJ8,24558575,Ben,https://www.airbnb.com/users/show/24558575,4.94,47,2014,11,2
1423102782178736494,https://www.airbnb.com/rooms/1423102782178736494,Vogue | DIFC Luxury with View of Future Museum,DIF-PAR-VSCTQ,497849450,Vogue,https://www.airbnb.com/users/show/497849450,4.59,2728,2023,2,153
1420889340404982294,https://www.airbnb.com/rooms/1420889340404982294,Cosy apartment,ALF-JEB-AZM,344864643,Syed Imran,https://www.airbnb.com/users/show/344864643,4.55,53,2020,5,53
977374211917881465,https://www.airbnb.com/rooms/977374211917881465,Economy Room Near International Modern Hospital,OIH-NGB-MCX3H,446820235,Luxury Bookings Fze,https://www.airbnb.com/users/show/446820235,4.37,2147,2022,3,5499
1389818874510742321,https://www.airbnb.com/rooms/1389818874510742321,5* Vida Yacht Club# LUX 2BHK Marina+Sea & Ain View,MAR-VID-S32JK,672997278,Marina Sky Vacation Homes,https://www.airbnb.com/users/show/672997278,5.0,81,2025,0,5
1177217838075999001,https://www.airbnb.com/rooms/1177217838075999001,"Knightsbridge court apartment. 
Apartment 214.",ALB-KNI-Q1S6L,582913086,Zaid,https://www.airbnb.com/users/show/582913086,4.38,16,2024,1,1
603490990803741119,https://www.airbnb.com/rooms/603490990803741119,Luxury Aprt in Marina Close to JBR Beach and Metro,DUB-ALZ-GTY88,320034797,Beshoy,https://www.airbnb.com/users/show/320034797,4.29,901,2019,6,4
1184546710853916643,https://www.airbnb.com/rooms/1184546710853916643,Modern 2BR / 5min to Metro,JAB-THE-XE2F0,282199823,Amin,https://www.airbnb.com/users/show/282199823,4.88,16,2019,6,3
1542059262745100414,https://www.airbnb.com/rooms/1542059262745100414,"Near Metro, spacious with private Gazebo at Pearlz",JAB-PEA-1VGJI,522915808,Abdul Jabbar,https://www.airbnb.com/users/show/522915808,5.0,3,2023,2,1
861987981523759764,https://www.airbnb.com/rooms/861987981523759764,Cozy & Fabulous - Studio with Lake View - JLT,JUM-GOL-Q1MOF,508465038,Ustay,https://www.airbnb.com/users/show/508465038,4.77,572,2023,2,26
1541186673029633882,https://www.airbnb.com/rooms/1541186673029633882,Classy & Chic 2BR in Downtown w/ Burj Khalifa View,DOW-IMP-KLURA,2252498,Peter,https://www.airbnb.com/users/show/2252498,4.75,4930,2012,13,43
1473012757323548516,https://www.airbnb.com/rooms/1473012757323548516,"Beautiful 2BDR in Business Bay, Free Gym",BUS-THE-BQXXP,471216887,Irina GoodStay,https://www.airbnb.com/users/show/471216887,4.89,4770,2022,3,138
1398630426612341108,https://www.airbnb.com/rooms/1398630426612341108,Luxury 4 bedroom Villa in Dubai,1265600,44133544,Hadi,https://www.airbnb.com/users/show/44133544,4.76,17,2015,10,3
905203936210133422,https://www.airbnb.com/rooms/905203936210133422,Cozy studio @ bloom height - JVC,JUM-BLO-A0VZF,436122999,Medini Homes,https://www.airbnb.com/users/show/436122999,4.71,3991,2021,4,120
1441080209343210940,https://www.airbnb.com/rooms/1441080209343210940,2BR Luxury Apartment in Al Zahia / Pool View /,,315139612,Blue Cloud Holidays UAE,https://www.airbnb.com/users/show/315139612,4.79,2339,2019,6,142
1371584346292629112,https://www.airbnb.com/rooms/1371584346292629112,Studio on the Palm,PAL-SEV-YJ6R7,593737414,Alex,https://www.airbnb.com/users/show/593737414,5.0,16,2024,1,1
1390471798985700786,https://www.airbnb.com/rooms/1390471798985700786,*New 2BR apartment Dubai Marina*,1330968,549367433,Francesca,https://www.airbnb.com/users/show/549367433,4.89,44,2023,2,2
1482718564495108797,https://www.airbnb.com/rooms/1482718564495108797,Ladies room - YouSleep Hostel Sea view (bedspace),JUM-SAD-PEFTS,712135799,Yousleep,https://www.airbnb.com/users/show/712135799,4.32,47,2025,0,3
1498396022711384490,https://www.airbnb.com/rooms/1498396022711384490,GuestReady - 2Bed l Lagoon Escape l Creek Beach,ALK-ROS-1W40D,715805799,GuestReady,https://www.airbnb.com/users/show/715805799,4.3,10,2025,0,6
1504067862270713343,https://www.airbnb.com/rooms/1504067862270713343,Downtown Gem | Easy Walk to Dubai Mall & Burj,- BUR-RES-ZUQA0 Registration Details BUR-RES-ZUQA0,568036592,Xitij,https://www.airbnb.com/users/show/568036592,4.92,89,2024,1,8
1495396969177335626,https://www.airbnb.com/rooms/1495396969177335626,Modern 3Bed | 7 Min Walk to Metro & Near Expo City,JAB-AVE-FO7X0,711912535,Nestify Vacation Home Rental,https://www.airbnb.com/users/show/711912535,0.0,0,2025,0,1
1267211193484411043,https://www.airbnb.com/rooms/1267211193484411043,Elegant Retreat with Stunning Burj Khalifa Views,BUR-GRA-LSDJ2,388489360,Suiteable,https://www.airbnb.com/users/show/388489360,4.71,5696,2021,4,269
1304128451098435167,https://www.airbnb.com/rooms/1304128451098435167,Cozy Studio 6 JVC | Access to JBR & DXB Hills Mall,AL-REG-3XVUZ,517081432,Zenos Vacation Homes Rental,https://www.airbnb.com/users/show/517081432,4.7,84,2023,2,20
1377404853460103246,https://www.airbnb.com/rooms/1377404853460103246,Pearlz Panorama | 2BR + Study with Balcony Bliss,FUR-JEB-PLZ,344864643,Syed Imran,https://www.airbnb.com/users/show/344864643,4.55,53,2020,5,53
1487387879229114093,https://www.airbnb.com/rooms/1487387879229114093,Emirati living with local charm for 6 Guests,JAB-MED-AXB7T,683846546,Mohammad Omar,https://www.airbnb.com/users/show/683846546,3.88,16,2025,0,5
1374554462032217468,https://www.airbnb.com/rooms/1374554462032217468,Sophisticated Studio in The Autograph,JUM-THE-NIBRF,388489360,Suiteable,https://www.airbnb.com/users/show/388489360,4.71,5696,2021,4,269
1492699488192320692,https://www.airbnb.com/rooms/1492699488192320692,Luxury Palm Escape | Elegant 2BR | Private Beach,PAL-ELL-05FSC,543663797,Mark,https://www.airbnb.com/users/show/543663797,4.91,199,2023,2,13
1483854644339507938,https://www.airbnb.com/rooms/1483854644339507938,Amira Suite (Girls) Capsule Bed -JBR Beach,JUM-AMW-9FPSP,679252563,Amin,https://www.airbnb.com/users/show/679252563,4.8,80,2025,0,4
1246173121523018272,https://www.airbnb.com/rooms/1246173121523018272,Stunning Apt. at Al Zahia,,315139612,Blue Cloud Holidays UAE,https://www.airbnb.com/users/show/315139612,4.79,2339,2019,6,142
1424368493135940978,https://www.airbnb.com/rooms/1424368493135940978,"High-Rise 1BR w/ Creek Views,Near to Dubai Creek",ALK-HAR-KVCG3,74933177,Deluxe Holiday Homes,https://www.airbnb.com/users/show/74933177,4.19,9435,2016,9,771
583761688173585538,https://www.airbnb.com/rooms/583761688173585538,Executive Room Near Ibn Battuta Mall,LUX-420-URY,446820235,Luxury Bookings Fze,https://www.airbnb.com/users/show/446820235,4.37,2147,2022,3,5499
1460001521394960786,https://www.airbnb.com/rooms/1460001521394960786,Stylish 1BR in Production City with pool and gym,MEA-NOO-9RLXL,547516665,Elysee Vendome,https://www.airbnb.com/users/show/547516665,4.8,769,2023,2,45
1090162893254010187,https://www.airbnb.com/rooms/1090162893254010187,DIFC 1BR at SkyGardens Tower,DIF-SKY-XGCG7,44133544,Hadi,https://www.airbnb.com/users/show/44133544,4.76,17,2015,10,3
1323849317245662926,https://www.airbnb.com/rooms/1323849317245662926,Stunning 1 Bedroom Apt in JBR with Marina Views !,MAR-BAH-CPNO2,527788999,Frank,https://www.airbnb.com/users/show/527788999,4.45,2679,2023,2,185
1379626884733180295,https://www.airbnb.com/rooms/1379626884733180295,1BR The Mocha house by Blue Cloud Holidays,,315139612,Blue Cloud Holidays UAE,https://www.airbnb.com/users/show/315139612,4.79,2339,2019,6,142
1109896974003439117,https://www.airbnb.com/rooms/1109896974003439117,LUX | The Elegant DIFC Suite 2,DIF-LIM-SCJTX,176328847,LUX Holiday Home,https://www.airbnb.com/users/show/176328847,4.68,7186,2018,7,158
960019895692591211,https://www.airbnb.com/rooms/960019895692591211,Cozy Circle!Enjoyable Yet Affordable Studio Aprt!,JUM-REG-VGOP6,486308246,Manel Hello BNB,https://www.airbnb.com/users/show/486308246,4.88,1224,2022,3,46
1538449349585398896,https://www.airbnb.com/rooms/1538449349585398896,Spacious Studio In Gardens | Near Metro,JEB-MOG-XAVIJ,3306414,Kamran,https://www.airbnb.com/users/show/3306414,3.3,10,2012,13,9
1383820742793954216,https://www.airbnb.com/rooms/1383820742793954216,Canal View | Pool +Gym | Near Dubai Mall,BUS-PRI-LLE8K,657023410,The Costa Collection,https://www.airbnb.com/users/show/657023410,4.85,538,2024,1,95
1497590731680733445,https://www.airbnb.com/rooms/1497590731680733445,Mahenti - Med 59 · Bright & Spacious | Near Metro,JAB-MED-AQSKF,535128137,Mahenti,https://www.airbnb.com/users/show/535128137,4.32,142,2023,2,22
1493558741483121001,https://www.airbnb.com/rooms/1493558741483121001,Luxury Designed Top Floor Pool-View | 2BR in JVC,ALB-BEL-KSBRZ,715000593,Natalie,https://www.airbnb.com/users/show/715000593,0.0,0,2025,0,1
1289677471454169201,https://www.airbnb.com/rooms/1289677471454169201,GuestReady - Modern retreat in JLT,JUM-ALW-O7CRF,661973727,GuestReady,https://www.airbnb.com/users/show/661973727,5.0,4,2024,1,1
1169540704420123143,https://www.airbnb.com/rooms/1169540704420123143,Panoramic Marina View | 1BR | walk to beach,MAR-BAY-YQKRX,6133006,JNE Homes,https://www.airbnb.com/users/show/6133006,4.9,349,2013,12,11
1183446432916301146,https://www.airbnb.com/rooms/1183446432916301146,Brand New Furnished Studio,,563710463,Anita,https://www.airbnb.com/users/show/563710463,0.0,0,2024,1,1
53746373,https://www.airbnb.com/rooms/53746373,Silkhaus Burj Khalifa View Studio | Burj Daman,DIF-BUR-MEGED,421679849,Paul,https://www.airbnb.com/users/show/421679849,4.72,5807,2021,4,439
916383800546401088,https://www.airbnb.com/rooms/916383800546401088,Cheaper room for short stay,,520606899,Sajeem,https://www.airbnb.com/users/show/520606899,0.0,0,2023,2,1
1469622790052005175,https://www.airbnb.com/rooms/1469622790052005175,1BR Aljada Home / Sleeps 4 / Opposite Mosque,,315139612,Blue Cloud Holidays UAE,https://www.airbnb.com/users/show/315139612,4.79,2339,2019,6,142
1295621901630023191,https://www.airbnb.com/rooms/1295621901630023191,Signature Marina 7 bedroom villa,ALT-JPI-CHBAZ,547365651,Sami El,https://www.airbnb.com/users/show/547365651,4.7,23,2023,2,19
1394733795783912367,https://www.airbnb.com/rooms/1394733795783912367,One Bedroom Apartment Near Mushrif Park,DB-1117-DXB,650896441,Muhammad,https://www.airbnb.com/users/show/650896441,4.73,644,2024,1,1274
1287343277808457507,https://www.airbnb.com/rooms/1287343277808457507,vacation like royalty every time,,193521335,Muhammad Yousaf,https://www.airbnb.com/users/show/193521335,4.84,51,2018,7,11
53084399,https://www.airbnb.com/rooms/53084399,5* Dubai ♡ Marina Sunset Sea View+Pool+Gym+Balcony,DUB-STU-IG5OQ,64285835,Simon & Nina,https://www.airbnb.com/users/show/64285835,4.92,229,2016,9,1
1297662148370146663,https://www.airbnb.com/rooms/1297662148370146663,Bright & Contemporary Studio in Westwood Al Furjan,JAB-WES-BYB5R,200755588,Luton,https://www.airbnb.com/users/show/200755588,4.39,1108,2018,7,83
1356303431686554423,https://www.airbnb.com/rooms/1356303431686554423,Inviting Infinity Pool - Iconic Burj Khalifa Views,BUS-PAR-DS3IF,593885389,Berg Stays,https://www.airbnb.com/users/show/593885389,4.78,500,2024,1,30
53157241,https://www.airbnb.com/rooms/53157241,Silkhaus Burj Khalifa View | Burj Daman | Balcony,DIF-BUR-VR8IF,421679849,Paul,https://www.airbnb.com/users/show/421679849,4.72,5807,2021,4,439
1078683721000145537,https://www.airbnb.com/rooms/1078683721000145537,Silkhaus Marina Vista Tower | Full Marina View,DUB-MAR-EZSHR,421679849,Paul,https://www.airbnb.com/users/show/421679849,4.72,5807,2021,4,439
1520815233334234314,https://www.airbnb.com/rooms/1520815233334234314,Studio in Uptown Al Zahia / Center of Sharjah,,315139612,Blue Cloud Holidays UAE,https://www.airbnb.com/users/show/315139612,4.79,2339,2019,6,142
1162068915439914741,https://www.airbnb.com/rooms/1162068915439914741,Luma 21 Retreat: Gym & Pool,MAR-MAR-GYPSP,578259028,Stellium,https://www.airbnb.com/users/show/578259028,4.83,909,2024,1,39
1344887839652778477,https://www.airbnb.com/rooms/1344887839652778477,Elegant Studio with Pool Views in Studio City!,ALH-SAM-QISFM,536930953,Frank,https://www.airbnb.com/users/show/536930953,4.44,1393,2023,2,157
1402039655950772833,https://www.airbnb.com/rooms/1402039655950772833,Serene 1 BR in Surf 2-Creek Beach,ALK-SUR-4NACS,231260177,Louloua,https://www.airbnb.com/users/show/231260177,4.89,746,2018,7,39
1135534073417209587,https://www.airbnb.com/rooms/1135534073417209587,Burj Khalifa View | Dubai Mall | Downtown,PFK-DOW-TDK5R,76287647,Czechin Holidays,https://www.airbnb.com/users/show/76287647,4.78,1348,2016,9,70
1442615907997080696,https://www.airbnb.com/rooms/1442615907997080696,LUX | The Le Pont Sea View Suite,JUM-LEP-24SHJ,176328847,LUX Holiday Home,https://www.airbnb.com/users/show/176328847,4.68,7186,2018,7,158
1373703613442923863,https://www.airbnb.com/rooms/1373703613442923863,Stylish 2-Bedroom Apartment in Dubai,MAR-GRA-IRSDY,683449044,Juliana - Stayfinity Vacation Homes Rentals,https://www.airbnb.com/users/show/683449044,4.88,25,2025,0,2
1531145974199875502,https://www.airbnb.com/rooms/1531145974199875502,Upgraded 1BR | Sleeps 4 | Steps to Metro and Mall,DIS-MOG-3ZL73,405760695,Livbnb,https://www.airbnb.com/users/show/405760695,4.55,1758,2021,4,162
1516798530318956799,https://www.airbnb.com/rooms/1516798530318956799,Iconic Full-View 2BR | PS5 + Free Parking,BUR-BUR-BNDEX,701628795,The Royal Ecstasy Homes,https://www.airbnb.com/users/show/701628795,4.79,28,2025,0,6
1338355762072326662,https://www.airbnb.com/rooms/1338355762072326662,"Stylish Dubai Apt w. Balcony, Gym, Pool, and WiFi",ALB-SAN-DSPVG,23907075,First Class,https://www.airbnb.com/users/show/23907075,4.85,6625,2014,11,242
1121475445479782849,https://www.airbnb.com/rooms/1121475445479782849,Rooftop Infinity Pool + Spacious Stay & Burj View,BUS-PAR-AEC3S,533218821,Paradise Stays,https://www.airbnb.com/users/show/533218821,4.68,440,2023,2,9
1417165939242142749,https://www.airbnb.com/rooms/1417165939242142749,Dreams Studio Apartments -Deira,JNF-RVK-DF9Y0,541389066,Harunah,https://www.airbnb.com/users/show/541389066,4.86,7,2023,2,2
1419640325411424350,https://www.airbnb.com/rooms/1419640325411424350,Studio in heart of JVC - Dubai,ALB-ELY-PY3Q7,436122999,Medini Homes,https://www.airbnb.com/users/show/436122999,4.71,3991,2021,4,120
1546382695059204752,https://www.airbnb.com/rooms/1546382695059204752,4BR Designer Home | Terrace & Park Access,ALH-ALR-WYNMM,480540384,Benjamin,https://www.airbnb.com/users/show/480540384,4.79,372,2022,3,12
1191062074471790236,https://www.airbnb.com/rooms/1191062074471790236,Luxe haven apartment by Blue Cloud holidays,,315139612,Blue Cloud Holidays UAE,https://www.airbnb.com/users/show/315139612,4.79,2339,2019,6,142
1533843866569007156,https://www.airbnb.com/rooms/1533843866569007156,Miracle Garden Views Studio Apartment,ALB-MIR-Z2BSE,559449343,Kosy,https://www.airbnb.com/users/show/559449343,4.56,55,2024,1,8
1175197015963602748,https://www.airbnb.com/rooms/1175197015963602748,Rimal 1 - Opulent Two Bed with City Views in JBR,MAR-RIM-UDNZM,473042959,Vacationer,https://www.airbnb.com/users/show/473042959,4.81,4505,2022,3,334
1295375508284015107,https://www.airbnb.com/rooms/1295375508284015107,FIRST CLASS | Studio | Luxury Getaway,ALB-GHA-4QJWV,23907075,First Class,https://www.airbnb.com/users/show/23907075,4.85,6625,2014,11,242
1419381274070884231,https://www.airbnb.com/rooms/1419381274070884231,Velvet Luxe | 1BR w Private Pool Gemz-15,ALF-GEM-SNNPQ,396591788,The Prive,https://www.airbnb.com/users/show/396591788,4.05,1212,2021,4,95
1415072955490637903,https://www.airbnb.com/rooms/1415072955490637903,Sought After 1BR Unit in La Sirene La Mer,JUM-LAS-4RW6B,245731996,Angela,https://www.airbnb.com/users/show/245731996,4.57,95,2019,6,69
1534643506910219442,https://www.airbnb.com/rooms/1534643506910219442,"Seafront 2BR, Walking Distance to La Mer Beach",JUM-LAS-RRMKA,74933177,Deluxe Holiday Homes,https://www.airbnb.com/users/show/74933177,4.19,9435,2016,9,771
1472187214963739588,https://www.airbnb.com/rooms/1472187214963739588,MAG City I Peaceful Stay I Quick Downtown Drive,HAD-MAG-DID4B,658191590,Propertyana Holiday Homes Rental L.L.C,https://www.airbnb.com/users/show/658191590,4.76,17,2024,1,18
1397145586479242112,https://www.airbnb.com/rooms/1397145586479242112,[3 Bedrooms-Private Beach]Breathtaking Palma View,MAR-BEA-PGHQD,679952194,Horizon Living,https://www.airbnb.com/users/show/679952194,4.98,96,2025,0,9
53208086,https://www.airbnb.com/rooms/53208086,Silkhaus Modern Studio | Burj Khalifa View,DIF-BUR-4PIMM,421679849,Paul,https://www.airbnb.com/users/show/421679849,4.72,5807,2021,4,439
1086918525123798298,https://www.airbnb.com/rooms/1086918525123798298,Veluxa-Fantastic 1 Bed near Golf,JUM-ALA-HEWMW,483212574,Veluxa,https://www.airbnb.com/users/show/483212574,4.79,120,2022,3,41
1401253746184014462,https://www.airbnb.com/rooms/1401253746184014462,Studio Apartment Near ibn Batuta Mall or Metro,760238,650896441,Muhammad,https://www.airbnb.com/users/show/650896441,4.73,644,2024,1,1274
1508584561779427689,https://www.airbnb.com/rooms/1508584561779427689,Modern 3BR Townhouse in Emaar South |for Families,1424337,657885472,Ultimate Retreat Holiday Homes,https://www.airbnb.com/users/show/657885472,4.83,47,2024,1,16
1292117644155106549,https://www.airbnb.com/rooms/1292117644155106549,Apartment in Dubai,JAB-WES-KISEY,126626202,Petr,https://www.airbnb.com/users/show/126626202,5.0,13,2017,8,1
1324756930220100319,https://www.airbnb.com/rooms/1324756930220100319,Seaside Studio @ Seven Palm | Nakheel Mall |Beach,PAL-GOL-GUNU1,578259028,Stellium,https://www.airbnb.com/users/show/578259028,4.83,909,2024,1,39
1032711581147796951,https://www.airbnb.com/rooms/1032711581147796951,Ocean Majestic Full Sea View at Le Pont,JUM-LEP-DN4RD,536096436,Majestic Stay,https://www.airbnb.com/users/show/536096436,4.84,61,2023,2,6
580207191170250547,https://www.airbnb.com/rooms/580207191170250547,Two Bedroom Apartment In DIP By Luxury Bookings,LUX-420-URY,446820235,Luxury Bookings Fze,https://www.airbnb.com/users/show/446820235,4.37,2147,2022,3,5499
1416630909537765514,https://www.airbnb.com/rooms/1416630909537765514,FIRST CLASS | Studio | Chic City Escape,BUS-AYK-1YH1P,23907075,First Class,https://www.airbnb.com/users/show/23907075,4.85,6625,2014,11,242
1005688563049901570,https://www.airbnb.com/rooms/1005688563049901570,Deluxe 1 Bedroom Apartment Near Ibn e Battuta Mall,LUX-420-URY,446820235,Luxury Bookings Fze,https://www.airbnb.com/users/show/446820235,4.37,2147,2022,3,5499
1037084503282575245,https://www.airbnb.com/rooms/1037084503282575245,Cozy Flat In Business Bay,BUS-ZAD-IRTKA,535252924,RoomPilot,https://www.airbnb.com/users/show/535252924,4.72,458,2023,2,56
1531253205419207876,https://www.airbnb.com/rooms/1531253205419207876,Downtown| Direct Access Dubai Mall | Burj Khalifa,1480463,711700342,Luxury Management Smart Holiday Homes,https://www.airbnb.com/users/show/711700342,4.89,36,2025,0,8
1312799548426133054,https://www.airbnb.com/rooms/1312799548426133054,Chic & Cozy Apt – Perfect Stay!,ALB-LUM-ULYHC,440541438,Daria,https://www.airbnb.com/users/show/440541438,4.84,1030,2022,3,45
1462911662125712068,https://www.airbnb.com/rooms/1462911662125712068,Vogue | Rosewater Creek Beach with full Amenities,ALK-ROS-U6AW6,497849450,Vogue,https://www.airbnb.com/users/show/497849450,4.59,2728,2023,2,153
1446066819600149669,https://www.airbnb.com/rooms/1446066819600149669,Designer 1 Bed Private Beach and Infinity Pool,MAR-MAR-GFBMO,680339,Ericka And Jim,https://www.airbnb.com/users/show/680339,4.97,418,2011,14,24
1480197558684078149,https://www.airbnb.com/rooms/1480197558684078149,Luxury 1 Bed Apartment in Sky Gardens,ZAB-SKY-J7OYB,443351231,Hive Holiday Homes,https://www.airbnb.com/users/show/443351231,4.32,2614,2022,3,100
1542815090252939787,https://www.airbnb.com/rooms/1542815090252939787,Marina Views & 5-Star Comfort Dubai Marina,MAR-DUB-EGFTB,726492530,Boutaina,https://www.airbnb.com/users/show/726492530,4.5,2,2025,0,1
1530379178931545811,https://www.airbnb.com/rooms/1530379178931545811,Stylish Dubai Hills Studio | Rooftop Pool & Gym,HAD-THE-0THNR,561833700,Farwell & Gervase,https://www.airbnb.com/users/show/561833700,4.72,201,2024,1,33
547396793477470945,https://www.airbnb.com/rooms/547396793477470945,Silkhaus Stylish DIFC Studio | Burj Khalifa View,DIF-BUR-AH1SF,421679849,Paul,https://www.airbnb.com/users/show/421679849,4.72,5807,2021,4,439
1379452338928972898,https://www.airbnb.com/rooms/1379452338928972898,Luxury 1BR|Dubai Creek|Pool&Gym,ALK-CRE-F1HVV,437430275,Rosa,https://www.airbnb.com/users/show/437430275,4.75,8,2021,4,1
1360832977499832920,https://www.airbnb.com/rooms/1360832977499832920,5 Stars | 2 BD | Palace Creek Harbour | 23rd floor,ALK-PAL-XYSWA,428621339,Rami,https://www.airbnb.com/users/show/428621339,4.97,2534,2021,4,75
855575405579825846,https://www.airbnb.com/rooms/855575405579825846,Calm Studio at Sky Gardens DIFC,DIF-SKY-VNQHV,74933177,Deluxe Holiday Homes,https://www.airbnb.com/users/show/74933177,4.19,9435,2016,9,771
1478838850663000799,https://www.airbnb.com/rooms/1478838850663000799,"Modern High-Floor 2BR with Sea View, Infinity Pool",BUS-PAR-4N8GD,471216887,Irina GoodStay,https://www.airbnb.com/users/show/471216887,4.89,4770,2022,3,138
1320782336468275855,https://www.airbnb.com/rooms/1320782336468275855,LUX |The La Mer Infinity View- Luxury Boho Suite 2,JUM-LAS-EKZ4W,176328847,LUX Holiday Home,https://www.airbnb.com/users/show/176328847,4.68,7186,2018,7,158
1553490414372140928,https://www.airbnb.com/rooms/1553490414372140928,One Bed Marina View 1209,BUR-THE-IOXAD,497334935,Walid,https://www.airbnb.com/users/show/497334935,4.7,159,2023,2,9
1417228663048311871,https://www.airbnb.com/rooms/1417228663048311871,Vogue | DAMAC Private House | Near Dubai Mall,BUS-PRI-ADJ0B,497849450,Vogue,https://www.airbnb.com/users/show/497849450,4.59,2728,2023,2,153
1546545457577903257,https://www.airbnb.com/rooms/1546545457577903257,New Large Studio Hotel Apartment JVC,BUS-BOT-GNVWM,727308743,Dave,https://www.airbnb.com/users/show/727308743,5.0,2,2025,0,1
1405002688775015681,https://www.airbnb.com/rooms/1405002688775015681,Silhouette Suite Studio by JK,,273813895,Mary,https://www.airbnb.com/users/show/273813895,4.75,4,2019,6,2
1544253273980589541,https://www.airbnb.com/rooms/1544253273980589541,"Girls’ Stay by Beach | Secure & Peaceful, Nr Metro",MAR-MUR-KVQE7,20190333,Hudu Vacation Homes,https://www.airbnb.com/users/show/20190333,4.28,32,2014,11,23
1061434025163669178,https://www.airbnb.com/rooms/1061434025163669178,Spacious Lux Golf View Apartment,ALH-DAM-I9AKP,150716851,Jason,https://www.airbnb.com/users/show/150716851,5.0,19,2017,8,1
1533222433999374842,https://www.airbnb.com/rooms/1533222433999374842,1BR Luxury Suite at Misk / Aljada Center / 2WC,,315139612,Blue Cloud Holidays UAE,https://www.airbnb.com/users/show/315139612,4.79,2339,2019,6,142
1492026327208934771,https://www.airbnb.com/rooms/1492026327208934771,budget-friendly private stay,Thl-klp-jhgp,533029927,Ahmed,https://www.airbnb.com/users/show/533029927,4.49,79,2023,2,12
1008439883024839121,https://www.airbnb.com/rooms/1008439883024839121,Elegance Above the Waters at Creek Rise Tower II,ALB-CRE-OFFA2,532550541,Grand Luxury,https://www.airbnb.com/users/show/532550541,4.68,448,2023,2,16
1526547929556477835,https://www.airbnb.com/rooms/1526547929556477835,Silkhaus Luxury 2BDR | Dubai Creek Harbour,ALK-THE-7PR04,478354960,Martina,https://www.airbnb.com/users/show/478354960,4.66,3700,2022,3,131
899797209476815090,https://www.airbnb.com/rooms/899797209476815090,Silkhaus in Harbor Gate | New 1BDR | Pool & Gym,AL -HAR-TXNOQ,478354960,Martina,https://www.airbnb.com/users/show/478354960,4.66,3700,2022,3,131
1407143010133592871,https://www.airbnb.com/rooms/1407143010133592871,Downtown Dubai Studio w/ Pool & Gym Access,ALB-BEL-3GVLI,23907075,First Class,https://www.airbnb.com/users/show/23907075,4.85,6625,2014,11,242
1299671620569430697,https://www.airbnb.com/rooms/1299671620569430697,Bloomfields Luxury Escape Studio in Samana Golf,ALH-SAM-EQY94,476475061,Bloomfields,https://www.airbnb.com/users/show/476475061,4.05,834,2022,3,322
1138793497028987457,https://www.airbnb.com/rooms/1138793497028987457,Chic Studio in new residence with pool sauna gym,ALO-LAY-BNIQ1,547516665,Elysee Vendome,https://www.airbnb.com/users/show/547516665,4.8,769,2023,2,45
1543874555300309411,https://www.airbnb.com/rooms/1543874555300309411,Luxury Duplex near Dubai mall and Burj Khalifa,BUS-THE-BBVO0,676528809,Aventine Homes,https://www.airbnb.com/users/show/676528809,4.79,38,2025,0,9
583777823989117006,https://www.airbnb.com/rooms/583777823989117006,Superior Room Near Iranian Hospital Luxury Booking,VV6-56F-N3CB,446820235,Luxury Bookings Fze,https://www.airbnb.com/users/show/446820235,4.37,2147,2022,3,5499
822288206270751497,https://www.airbnb.com/rooms/822288206270751497,Bay Central - Peaceful One Bedroom,DUB-BAY-EPVBP,473042959,Vacationer,https://www.airbnb.com/users/show/473042959,4.81,4505,2022,3,334
1397739718792746188,https://www.airbnb.com/rooms/1397739718792746188,Clean Studio Apartment in Dubai|Great for Couples,ALH-DAM-KBQSN,23907075,First Class,https://www.airbnb.com/users/show/23907075,4.85,6625,2014,11,242
1552915016719936840,https://www.airbnb.com/rooms/1552915016719936840,Chic 4BR Retreat | Luxe Touches & Serene Views,ALY-91Q-MDXTP,296791796,Sabrina,https://www.airbnb.com/users/show/296791796,4.86,93,2019,6,48
1295714701930338211,https://www.airbnb.com/rooms/1295714701930338211,Breathtaking Infinity Pool with Burj Khalifa Views,BUS-PAR-ZEOUV,563856481,Mohammed,https://www.airbnb.com/users/show/563856481,4.94,148,2024,1,4
1490232577593951256,https://www.airbnb.com/rooms/1490232577593951256,Luxury Bedspace in Beautiful Vacation Apart JBR,JUM-BAH-G3PRF,714122118,Hudu Vacation Homestay,https://www.airbnb.com/users/show/714122118,4.45,86,2025,0,19
1315003896803037487,https://www.airbnb.com/rooms/1315003896803037487,Charming Home in LaMer w/ Private Beach,JUM-LAS-9BAKD,462195918,OcleyHomes,https://www.airbnb.com/users/show/462195918,4.74,2021,2022,3,115
1368552029865944406,https://www.airbnb.com/rooms/1368552029865944406,"Burj Khalifa Views, Rooftop Infinity Pool",BUS-PAR-WMDLG,533218821,Paradise Stays,https://www.airbnb.com/users/show/533218821,4.68,440,2023,2,9
1176612410938419964,https://www.airbnb.com/rooms/1176612410938419964,Rare Homes | Goldcrest Executive | Metro Link,JUM-GOL-PGE0Z,358583433,Zeeshan,https://www.airbnb.com/users/show/358583433,0.0,0,2020,5,34
1115726132295932831,https://www.airbnb.com/rooms/1115726132295932831,Brand new cozy 1 bedroom in Business Bay,BUS-ZAD-VEHBN,48547686,Anna Apricus Holiday Homes,https://www.airbnb.com/users/show/48547686,4.79,7947,2015,10,143
1318684622801043170,https://www.airbnb.com/rooms/1318684622801043170,LUX |The La Mer Infinity View- Luxury Boho Suite 1,JUM-LAS-RBKAJ,176328847,LUX Holiday Home,https://www.airbnb.com/users/show/176328847,4.68,7186,2018,7,158
1510826474869557242,https://www.airbnb.com/rooms/1510826474869557242,Modern 1BHK Apartment in Pantheon JVC – by Czechin,ALB-PAN-MMQSZ,76287647,Czechin Holidays,https://www.airbnb.com/users/show/76287647,4.78,1348,2016,9,70
1410818940894864419,https://www.airbnb.com/rooms/1410818940894864419,"3BR Elegant Haven W/ Gym, Pool & 2 Parking Spaces",JAB-AZI-UVIGJ,692950964,Nestify Vacation Home Rental,https://www.airbnb.com/users/show/692950964,5.0,2,2025,0,1
1549970314745621250,https://www.airbnb.com/rooms/1549970314745621250,Homely & Elegent Room| Sleeps 4| Central location,ABC-ABC-ABC5D,474623058,Mansi,https://www.airbnb.com/users/show/474623058,4.67,135,2022,3,13
1556005205056721875,https://www.airbnb.com/rooms/1556005205056721875,"Cosy 1BR in JVC Dubai | Pool, Gym & King Bed",JUM-WES-ZWUHY,486308246,Manel Hello BNB,https://www.airbnb.com/users/show/486308246,4.88,1224,2022,3,46
1209860423643445609,https://www.airbnb.com/rooms/1209860423643445609,Brand new Canal Residence complex 1 BD Apt,ALW-CF2-AZPA5,48547686,Anna Apricus Holiday Homes,https://www.airbnb.com/users/show/48547686,4.79,7947,2015,10,143
1313596915131048601,https://www.airbnb.com/rooms/1313596915131048601,Dubai Border Private Room 903 / Washroom Share,,432574207,Krish,https://www.airbnb.com/users/show/432574207,4.79,326,2021,4,14
1524417946697996899,https://www.airbnb.com/rooms/1524417946697996899,"Monthly Gold Season Deal | Prime Studio, City View",JAB-PRI-S3BQA,171560124,Ata,https://www.airbnb.com/users/show/171560124,0.0,0,2018,7,1
1331792846288433109,https://www.airbnb.com/rooms/1331792846288433109,Meydan One Studio | Quick Downtown Access,AL-AZI-UA4PA,517081432,Zenos Vacation Homes Rental,https://www.airbnb.com/users/show/517081432,4.7,84,2023,2,20
1455593625127942624,https://www.airbnb.com/rooms/1455593625127942624,Urban Studio Apartment in Goldcrest Views JLT,JUM-GOL-4AYME,654081375,Oak Tree,https://www.airbnb.com/users/show/654081375,4.71,24,2024,1,60
1538602274509150630,https://www.airbnb.com/rooms/1538602274509150630,Modern Studio w/Breakfast | Al Qusais 5 Near DAFZA,910661,711108394,Muhammad,https://www.airbnb.com/users/show/711108394,4.81,67,2025,0,1476
1460878205449350414,https://www.airbnb.com/rooms/1460878205449350414,Luxury 2BHK City Walk Downtown,BUS-THE-WFF1H,597457583,Wecation Holiday Homes,https://www.airbnb.com/users/show/597457583,4.45,11,2024,1,15
53855737,https://www.airbnb.com/rooms/53855737,"Stylish 2BR Flat, Steps from JBR Beach",JUM-SHA-M2YXQ,393955770,Julie,https://www.airbnb.com/users/show/393955770,4.41,438,2021,4,9
1225973218395906547,https://www.airbnb.com/rooms/1225973218395906547,Luxury 2 br Poolside Haven in Dubai Creek Harbour,ALK-CRE-AH9PR,596874719,Abdul Aziz,https://www.airbnb.com/users/show/596874719,5.0,15,2024,1,1
1014881830175472572,https://www.airbnb.com/rooms/1014881830175472572,"Spacious Studio Flat, Close to Sobha Metro Station",JUM-DUB-FXMDK,532550541,Grand Luxury,https://www.airbnb.com/users/show/532550541,4.68,448,2023,2,16
1261679373769575311,https://www.airbnb.com/rooms/1261679373769575311,"Lux Studio in Downtown, Amazing Burj Khalifa View",BUS-MAR-QNDXE,428621339,Rami,https://www.airbnb.com/users/show/428621339,4.97,2534,2021,4,75
1553651596861321040,https://www.airbnb.com/rooms/1553651596861321040,Vogue | Court Tower near Burj Khalifa | Dubai Mall,BUS-COU-TBUI0,497849450,Vogue,https://www.airbnb.com/users/show/497849450,4.59,2728,2023,2,153
1322477180715313173,https://www.airbnb.com/rooms/1322477180715313173,Brand New-Fully Furnished Exclusive 1BR In JVC,ALB-BIN-ZFKAE,566176080,Fem Stays,https://www.airbnb.com/users/show/566176080,4.92,346,2024,1,16
1381837756869007915,https://www.airbnb.com/rooms/1381837756869007915,1BR The Artists Home,,315139612,Blue Cloud Holidays UAE,https://www.airbnb.com/users/show/315139612,4.79,2339,2019,6,142
1301937622211715611,https://www.airbnb.com/rooms/1301937622211715611,1BR The Nest By Blue Cloud Holidays,,315139612,Blue Cloud Holidays UAE,https://www.airbnb.com/users/show/315139612,4.79,2339,2019,6,142
1302069326032849464,https://www.airbnb.com/rooms/1302069326032849464,1BR The Sapphire by BlueCloud holidays,,315139612,Blue Cloud Holidays UAE,https://www.airbnb.com/users/show/315139612,4.79,2339,2019,6,142
1532579262754514801,https://www.airbnb.com/rooms/1532579262754514801,"Stylish 1BDR Fully-Equipped, Pool&Gym Access",ALB-BIN-VFFWS,438406911,Vadim,https://www.airbnb.com/users/show/438406911,4.9,571,2022,3,16
1465104267857669089,https://www.airbnb.com/rooms/1465104267857669089,Modern 2BR | High-Floor | Downtown Skyline Views,BUR-BUR-D4BOQ,581220167,Arbore Holiday Homes,https://www.airbnb.com/users/show/581220167,4.6,87,2024,1,7
1042619573417401935,https://www.airbnb.com/rooms/1042619573417401935,Chic & Classic 1bdr In Downtown Views-14,DOW-DOW-1D62J,396591788,The Prive,https://www.airbnb.com/users/show/396591788,4.05,1212,2021,4,95
1360740026977451678,https://www.airbnb.com/rooms/1360740026977451678,5 Stars | 1 BD | Palace Creek Harbour | 7th floor,ALK-PAL-RUQCT,428621339,Rami,https://www.airbnb.com/users/show/428621339,4.97,2534,2021,4,75
1539990611884727093,https://www.airbnb.com/rooms/1539990611884727093,Studio Amira in Dubai by beBalmy,ALM-AZI-CWTU7,719477634,Rafael,https://www.airbnb.com/users/show/719477634,4.0,1,2025,0,8
578518738125221337,https://www.airbnb.com/rooms/578518738125221337,Lovely 2 Bedroom Vacation Home,MIR-JAN-ICFMP,427474237,Angiela,https://www.airbnb.com/users/show/427474237,4.8,5,2021,4,3
1550564843669826238,https://www.airbnb.com/rooms/1550564843669826238,Elegant Studio Stay in Binghatti Tulip Dubai,1538409,275913412,⁨Sawt AlSukoon Vacation Homes Rental L.L.C.⁩,https://www.airbnb.com/users/show/275913412,4.5,4,2019,6,4
1320752179994324470,https://www.airbnb.com/rooms/1320752179994324470,FIRST CLASS | 1BR | Stylish & Luxurious,BUR-GRA-FFH5E,469324326,First Class,https://www.airbnb.com/users/show/469324326,4.87,5568,2022,3,231
25560232,https://www.airbnb.com/rooms/25560232,Contemporary Apartment In the Heart of DIFC,DIF-LIM-IEIMX,51561369,Nasma Luxury Stays,https://www.airbnb.com/users/show/51561369,4.48,1559,2015,10,53
1050009448493303515,https://www.airbnb.com/rooms/1050009448493303515,Luxury Address Marina Hotel - New Apartment,DUB-DUB-AENDV,443780605,Zunaid,https://www.airbnb.com/users/show/443780605,4.97,158,2022,3,3
1158644557229238304,https://www.airbnb.com/rooms/1158644557229238304,Chic 2 Bed | Near Trade Centre & DT | 5* Amenities,AL -1 R-BELKE,577860859,Mohammed,https://www.airbnb.com/users/show/577860859,4.96,50,2024,1,15
1374451340853824560,https://www.airbnb.com/rooms/1374451340853824560,"Private Pool, 2BR, Sunset Marina Views in Dubai",ALB-BIN-5IIC7,3237534,Bez,https://www.airbnb.com/users/show/3237534,4.94,126,2012,13,4
1414950819457151731,https://www.airbnb.com/rooms/1414950819457151731,"1BR Next to Gate Avenue, Mins From Downtown Dubai",DIF-PAR-QIQOD,74933177,Deluxe Holiday Homes,https://www.airbnb.com/users/show/74933177,4.19,9435,2016,9,771
1544027266879257676,https://www.airbnb.com/rooms/1544027266879257676,Pods Stay for travellers Nr Metro/DWTC | Parking,JUM-SAD-SEGGG,20190333,Hudu Vacation Homes,https://www.airbnb.com/users/show/20190333,4.28,32,2014,11,23
1487836263737055321,https://www.airbnb.com/rooms/1487836263737055321,Studio Apartment Near Financial Centre Metro,704970,711108394,Muhammad,https://www.airbnb.com/users/show/711108394,4.81,67,2025,0,1476
1521891736309387812,https://www.airbnb.com/rooms/1521891736309387812,A cozy 1BR apartment in Sport City,ALH-THE-ELQXI,693732227,Yolo Stay,https://www.airbnb.com/users/show/693732227,4.97,34,2025,0,8
1490428497483151799,https://www.airbnb.com/rooms/1490428497483151799,Stylish Studio w/ Top Facilities in Damac Hills,ALH-DAM-APFR2,478236270,Paul,https://www.airbnb.com/users/show/478236270,4.78,1585,2022,3,72
1309202319680972744,https://www.airbnb.com/rooms/1309202319680972744,Sky-high luxury in DIFC | New listing,ZAB-SKY-WQQH7,79646707,Hamed,https://www.airbnb.com/users/show/79646707,4.94,17,2016,9,2
959323916092438258,https://www.airbnb.com/rooms/959323916092438258,Standard Room Near Safa Park with Free Breakfast,612317,529672214,Muhammad,https://www.airbnb.com/users/show/529672214,4.5,686,2023,2,319
548128749007486123,https://www.airbnb.com/rooms/548128749007486123,Silkhaus Chic Studio | Burj Daman | Balcony,DIF-BUR-DTSFY,421679849,Paul,https://www.airbnb.com/users/show/421679849,4.72,5807,2021,4,439
1490427065104945876,https://www.airbnb.com/rooms/1490427065104945876,Palace Residence – Chic One Bed in Creek Harbour,ALK-PAL-KK4HS,473042959,Vacationer,https://www.airbnb.com/users/show/473042959,4.81,4505,2022,3,334
1422996624268141118,https://www.airbnb.com/rooms/1422996624268141118,the anwa by omniyat,MAD-THE-HU33V,694366582,Mohammed Shaji,https://www.airbnb.com/users/show/694366582,5.0,5,2025,0,1
1475266285816211468,https://www.airbnb.com/rooms/1475266285816211468,Mesmerizing Canal View Studio in Trillionaire,BUS-TRI-FMA6M,388489360,Suiteable,https://www.airbnb.com/users/show/388489360,4.71,5696,2021,4,269
1477985929084147280,https://www.airbnb.com/rooms/1477985929084147280,Bright 1BR APT in Dubai Hills | Near Burj Khalifa,HAD-PAR-HPYSC,710887264,Nestify Vacation Home Rental,https://www.airbnb.com/users/show/710887264,5.0,1,2025,0,1
1552231511771504452,https://www.airbnb.com/rooms/1552231511771504452,"Marina Diamond 6: 1 BR, Wifi Marina View",MAR-MAR-DH4MY,530405328,Design Studio,https://www.airbnb.com/users/show/530405328,4.79,77,2023,2,9
1205115818030572280,https://www.airbnb.com/rooms/1205115818030572280,Stylish Studio with Pool View & Free Parking,AL-DAM-NIKPD,558737722,Ryan,https://www.airbnb.com/users/show/558737722,4.81,562,2024,1,32
1120153865972374031,https://www.airbnb.com/rooms/1120153865972374031,Stunning modern 3BR apartment in JVC,JUM-BIO-UGLK3,547516665,Elysee Vendome,https://www.airbnb.com/users/show/547516665,4.8,769,2023,2,45
1083456166364695044,https://www.airbnb.com/rooms/1083456166364695044,"Modern 2BHK Retreat | Sleeps 9 | Pool, Gym, Family",DUB-GLO-DCZAJ,560175915,Dxb-Stay,https://www.airbnb.com/users/show/560175915,4.65,82,2024,1,2
1436042093065197037,https://www.airbnb.com/rooms/1436042093065197037,Modern 2BR Dubai Marina Apt | Pool & Gym | Dubai,MAR-LAR-EVZ1H,665067681,Mohamad,https://www.airbnb.com/users/show/665067681,4.94,77,2024,1,5
1458646683811870228,https://www.airbnb.com/rooms/1458646683811870228,Citylight Studio W/ Balcony by Blue Cloud Holidays,,315139612,Blue Cloud Holidays UAE,https://www.airbnb.com/users/show/315139612,4.79,2339,2019,6,142
1176518416677885028,https://www.airbnb.com/rooms/1176518416677885028,Panoramic Views of Marina & Palm/1BR/Seven Palm,PAL-SEV-2EMQZ,578259028,Stellium,https://www.airbnb.com/users/show/578259028,4.83,909,2024,1,39
1447815211560676239,https://www.airbnb.com/rooms/1447815211560676239,1BR Forest Honeymoon Suite With Pool View,,315139612,Blue Cloud Holidays UAE,https://www.airbnb.com/users/show/315139612,4.79,2339,2019,6,142
1508531016972532910,https://www.airbnb.com/rooms/1508531016972532910,Azizi Riviera Gateway | Superior Apt Highest Floor,ALM-AZI-2WPVH,574809508,Antonino,https://www.airbnb.com/users/show/574809508,5.0,18,2024,1,5
867089664544370908,https://www.airbnb.com/rooms/867089664544370908,Large and Trendy - Studio - JLT,JUM-AL-EAUK4,508465038,Ustay,https://www.airbnb.com/users/show/508465038,4.77,572,2023,2,26
724331066469112122,https://www.airbnb.com/rooms/724331066469112122,"Lovely apartment in Beach Vista Tower, Beachfront",DUB-BEA-LTETT,48547686,Anna Apricus Holiday Homes,https://www.airbnb.com/users/show/48547686,4.79,7947,2015,10,143
1512980615686078783,https://www.airbnb.com/rooms/1512980615686078783,Luxe 1BR Full Sea View - Steps from the Beach,MAR-ELI-9IYWH,719629719,Greer,https://www.airbnb.com/users/show/719629719,5.0,2,2025,0,1
1523108100004385885,https://www.airbnb.com/rooms/1523108100004385885,Exclusive 2BD in JBR Address with Ain Dubai View,MAR-JUM-DAP6P,48547686,Anna Apricus Holiday Homes,https://www.airbnb.com/users/show/48547686,4.79,7947,2015,10,143
1471446111084651147,https://www.airbnb.com/rooms/1471446111084651147,Epic Dubai Frame Views | 2 Bdr Flat | Only Stays,ALK-1RE-FRTFL,583966974,Only Stays,https://www.airbnb.com/users/show/583966974,4.87,261,2024,1,38
1120109999268085529,https://www.airbnb.com/rooms/1120109999268085529,Modern Apartment few Steps to Energy Metro Station,JAB-THE-YJRFG,532550541,Grand Luxury,https://www.airbnb.com/users/show/532550541,4.68,448,2023,2,16
1121542610218499454,https://www.airbnb.com/rooms/1121542610218499454,FIRST CLASS| Studio | Bright Downtown Getaway,DOW-BUR-TUWBH,23907075,First Class,https://www.airbnb.com/users/show/23907075,4.85,6625,2014,11,242
563419462286012332,https://www.airbnb.com/rooms/563419462286012332,Dubai Marina Cozy Retreat: 1BR Apt | Ideal for 3,MAR-SPA-ZXRKL,440541438,Daria,https://www.airbnb.com/users/show/440541438,4.84,1030,2022,3,45
